a,b,fails
0.06947958425541212,0.8011588660421538,0
0.2764697135559111,0.03081304690232023,0
0.33770039645884053,0.49380500274361394,0
0.5333168555170635,0.5742630319525084,0
0.7996021487749125,0.7910200924332556,0
0.7598727238586327,0.9896455071615597,0
0.7884043614262343,0.06680177959337064,0
0.9926893993159115,0.2144345088476186,0
0.22022567380385438,0.1622358659748372,0
0.7199038061226792,0.15777440560148515,0
0.427385585770514,0.917996596884995,0
0.2560315884606237,0.7215255539619398,0
0.0010262206757370995,0.4450088775494456,0
0.009600721202424833,0.5051702476114641,0
0.981198074708946,0.9628895111545469,0
0.9581803439389177,0.7409298025730279,0
0.9297232347260956,0.9770766061773835,1
0.6251857351943485,0.7427747765144087,0
0.560229771225966,0.6605983433118133,0
0.9654918909781448,0.1433044123609697,0
0.6242789434755681,0.48296133947834907,0
0.9869781621995515,0.7260879508974803,0
0.9913034417075318,0.19767124441051298,0
0.33730136281780687,0.4540696852344417,1
0.8262819265865872,0.4270681890830108,0
0.5675319107425358,0.6547242188659899,0
0.5852032763985041,0.1702081021216577,0
0.33712488214496483,0.8159543779935458,0
0.2641991225325786,0.15205444073826013,0
0.6384013718544591,0.6023589168141671,1
0.9772764665374237,0.6153052914047258,0
0.15406801466265208,0.7332578732847602,0
0.3881676123370308,0.040043005726201786,0
0.28525386494533944,0.4165525147639286,0
0.8130062399455722,0.9946414441928759,0
0.5688184780059891,0.12412150392326937,0
0.9050401209559613,0.8983484647045031,0
0.17733482514708,0.7791614967390702,0
0.6394467347669374,0.11096700732090026,0
0.20689029312982965,0.7254260385620358,1
0.6488234283921709,0.8263966651142551,1
0.2859768026791879,0.9501175511496042,0
0.325734634558979,0.10013003827289668,0
0.7722682940037355,0.20618997303059983,0
0.685202506309735,0.20981872762625786,0
0.43834733291541284,0.9670432180866945,0
0.2786056741358043,0.8931267702889012,1
0.9560961866901645,0.6123624950570733,0
0.8305465727511903,0.9076645654366987,1
0.4572057247250192,0.47511583375767874,0
0.6844414412764623,0.9042535175631957,0
0.7150019550226672,0.7655422069160727,0
0.7768219126074504,0.5371408725318867,0
0.38886959499688245,0.20379890673033796,0
0.5936225157573024,0.3640144366871738,0
0.17157281695551674,0.02229013386861245,0
0.09350282889053385,0.6638178507995922,0
0.7087350949299656,0.5137944822832867,0
0.5199982524686598,0.6506714529790456,0
0.8056670385638468,0.7321571394775466,0
0.8227090358011384,0.8336242811357326,0
0.7332707358895232,0.4564507477030516,1
0.1536243442178592,0.12258311541543365,0
0.9324901842462917,0.5838090877554872,0
0.7624628091943362,0.8986443152865013,1
0.9935081666620315,0.6637133589989493,0
0.2414276871461497,0.35808355977278084,0
0.8981991565127581,0.10378685123692999,0
0.12495168218323427,0.29543199385821484,0
0.05329569021473202,0.5571033016292494,0
0.941193846262006,0.5340707083833423,0
0.483360403924569,0.24727104682350654,0
0.04118229874458512,0.3016490595437761,0
0.6468263969317414,0.5884610014873385,0
0.6636105844053373,0.03575109578975766,0
0.686532972919712,0.25201482702358746,0
0.8749229815154606,0.16523748125478122,0
0.1463928791627005,0.145542632118821,0
0.5859720082690619,0.8073454133022384,0
0.4360916853597917,0.019298500815661646,1
0.6487058912840462,0.7301164657069509,1
0.8846770616647907,0.9159943602426496,0
0.7153728524688591,0.30883860005359953,0
0.20277353964849365,0.7990671130994442,0
0.40059309168272716,0.6376524201148802,0
0.45957299388288864,0.9421632759150436,0
0.48553779010845566,0.43683238675588176,0
0.42988901878615304,0.5302995111677145,0
0.3284093746700887,0.8742850956870225,0
0.5520326335701417,0.5132025613839325,0
0.49722132122597584,0.8999298633945007,0
0.5991247790208807,0.28422059966877566,1
0.9346745271443236,0.17000044281835813,0
0.8089193014976851,0.5825555322319707,0
0.24440993009667877,0.3989988239834815,0
0.17595974529430614,0.551874039200444,1
0.43665267486486237,0.46435904676765716,1
0.6409934825480461,0.20402269078999324,0
0.40735838354888954,0.29401558853079723,0
0.892593831587895,0.40719438229386595,0
0.9815912809128992,0.7918193395878342,0
0.6799623056216717,0.9795715220993516,0
0.7167839212819919,0.5318909270004518,1
0.9950834845985507,0.8648685620781764,0
0.820462686806083,0.9851677101721709,0
0.17203620985282242,0.09962748607100669,0
0.6758237868625047,0.9834719194011295,0
0.047259883347681164,0.7452689905609531,0
0.423876179563332,0.16375191591208782,0
0.5542975504180477,0.1630079196543014,1
0.10615389676156295,0.41414679501807516,1
0.487270350492664,0.3366396905062228,0
0.6717302521850392,0.6172764836602325,0
0.857058394264599,0.0015474175924535816,0
0.03792967640216871,0.6560113566216391,1
0.702856899485427,0.4795382657542835,0
0.3496253688732728,0.7703410457085482,1
0.9936219010839844,0.5787997990710488,0
0.01507935190080023,0.0965907863233938,0
0.5549889579373726,0.5405403977359906,0
0.144594668988405,0.7336586097074733,0
0.604502522830663,0.9444663283164693,0
0.5847618117922011,0.7464784527235153,0
0.5588260229708826,0.6526847531078015,0
0.06010077477850462,0.12177989288428537,0
0.32967341031496133,0.8849726818576212,0
0.208763670483327,0.4761633872162311,1
0.8107564476901011,0.9256645648037527,0
0.6539935334111735,0.9460773239486122,0
0.7178916529554438,0.021047024168733497,0
0.9498155857890312,0.47415114611928766,1
0.301784043374399,0.5767257530096086,0
0.3878206772985563,0.8819964089454224,0
0.8324260124015885,0.4125422297571113,0
0.2782454485249374,0.001161987855529345,0
0.0524183928530263,0.915670328862554,0
0.8146718505673468,0.8876212762734634,0
0.6462794241570105,0.052230694637738884,0
0.35211520575471345,0.3524343849866325,0
0.8037265608968535,0.23996381769887187,0
0.5475122463251901,0.6977570876859086,0
0.09547422808248529,0.2865485049514094,0
0.9423491339048209,0.5484532564677339,1
0.6172957929059428,0.26037766343904445,0
0.8734358093021212,0.6395488176873612,0
0.9487241793640466,0.8456029674980217,0
0.681231172840611,0.00926650955314201,0
0.4738664711729441,0.7100980769126598,0
0.7729195996424424,0.4385951726483198,0
0.3794398024392083,0.22805682631540491,0
0.34442240414709,0.5237770534929871,0
0.38518196242053937,0.09394997622618562,0
0.2057274277681116,0.5391721049778365,0
0.7288926028828291,0.14362568015563915,0
0.7228985710706779,0.5380231504861827,0
0.45576761594262793,0.40756480765076986,0
0.7575451483264616,0.934593134652068,0
0.7754209858089222,0.9232292177306555,0
0.18812840885875604,0.9715068636613899,0
0.9923056997710754,0.42421549291073246,0
0.9907832104535547,0.3365565647697063,0
0.15874117363680162,0.1041432376479543,0
0.38538681634613536,0.3532771247626133,0
0.33106495638628586,0.22363811452826476,0
0.07098401828178569,0.1741495028732909,0
0.08258868310893308,0.05330816735582178,0
0.6946642213736371,0.9241342541985238,0
0.6238474127794879,0.22000191485844112,0
0.20854549697993685,0.5868872398359399,0
0.17422393263430336,0.08362356067332066,0
0.9262771110946391,0.2799957909576547,0
0.3858597198996613,0.3452355469483094,0
0.439485844841942,0.144386005663801,0
0.8874362543822637,0.19266675477950468,0
0.7059985599675939,0.9109898800562487,0
0.9006866704942564,0.7462032470586157,0
0.7656680519940672,0.9747574722832364,0
0.8669454379712318,0.0536371743945433,1
0.6641148206532638,0.5805057134021357,0
0.7393951439011427,0.863261619075875,0
0.5990095788365648,0.19750617657122538,0
0.9329739844111269,0.73522160075172,1
0.8440238517224281,0.2237224330351908,0
0.07431879068212066,0.5594889215390205,0
0.42598268214493906,0.04588481268637501,0
0.5274497153349047,0.21037786550111304,0
0.7983756331848156,0.21425453063594524,0
0.5687852078041364,0.027929687553044702,1
0.11171560528431457,0.5011074771533269,1
0.22912178920807535,0.6839002534902011,0
0.8447453096619292,0.18730308498500248,0
0.6332998675855669,0.004751921101540435,0
0.9139740283941071,0.6115487505695313,0
0.7022266956498191,0.36498942075828544,0
0.10510693612223143,0.7453139807880038,0
0.5386035766808428,0.9035944599683501,0
0.20153778599434657,0.5802852987018721,0
0.015027129489497137,0.41209796862915027,0
0.3215687902452291,0.1704436997111416,1
0.9284138281963334,0.4087551508353743,1
0.3917447611888778,0.6624196188314637,0
0.0673383924179578,0.8877283125744669,0
0.924823069055958,0.9110742414945396,0
0.32276165228147635,0.6951324331448553,0
0.7675553064570144,0.9611658746616545,0
0.7773965270845467,0.785694090201763,0
0.4420702458531953,0.40832656290110414,0
0.6425869531053591,0.5972043986577693,0
0.9788736040679897,0.5351131541914603,0
0.15392811087318925,0.007515755142202263,0
0.5209477772921262,0.6703977915406276,0
0.9962187967833858,0.25533005053645874,0
0.8806402403906854,0.823890124411314,0
0.03193192441496073,0.15296697393514302,0
0.20810462462027657,0.11101240415395186,0
0.945055291380919,0.6928438658124518,0
0.46418381922345986,0.9517600567014535,0
0.7094296887101299,0.15613648243556966,0
0.26817242492946103,0.4658649662798975,1
0.1941321427509134,0.10206837470518981,0
0.2754937559468421,0.4724502560178405,0
0.3496000768635307,0.23895942336991416,0
0.05054472386734288,0.40414493207703095,0
0.868275170716485,0.7706559981134823,0
0.34638414578264154,0.29837250977429475,0
0.9798905877277475,0.7286215676627062,0
0.9449309531768701,0.7782778677328173,0
0.9384884294597463,0.3369226038204429,0
0.8823470432858361,0.28447651714752764,0
0.7635869967725673,0.3421733600225598,0
0.731537915290599,0.9874947652180545,1
0.9736937337316316,0.8283604185901992,0
0.8951702709052402,0.39090661483636024,0
0.41260141513750603,0.8893172705398996,1
0.7611087293218349,0.6555972480134864,0
0.6969960707397882,0.627100630333813,0
0.9801808670423986,0.4458846861888044,0
0.5407234225780384,0.49965209242269326,0
0.1830170354750723,0.7944178689093668,0
0.24753510532871636,0.7050884294448012,1
0.8125908692887905,0.48407956468361923,0
0.17330228274037307,0.8560101516232829,0
0.06540709905983255,0.25216487212278715,0
0.44304026590945444,0.6839230761884443,0
0.6440614904391531,0.584025075898268,0
0.8724207119465813,0.5726767315408887,0
0.7114935088741181,0.4761537196597935,1
0.6285833919104801,0.702092809851764,0
0.9264588777253426,0.5365994345051366,0
0.13388366325940815,0.8742756744318666,0
0.3316364081674782,0.19742956614825835,1
0.6978470873661974,0.6141909373741417,0
0.40061161781670773,0.09381107178973636,0
0.40628772886793474,0.7029816336837211,0
0.1677407623265974,0.32811263919635314,1
0.507553949549065,0.38382843596341965,1
0.9136329350391763,0.9347925506131369,0
0.6059682300961521,0.14905699708142062,0
0.8569240796915019,0.8023784610633284,1
0.18189602860929388,0.18733467403300508,0
0.5143962150923752,0.944637353521936,0
0.465532113909533,0.862074959417649,0
0.8947999497721123,0.2600813950023111,0
0.45765370189245735,0.2676928621990097,1
0.6583732098423387,0.9165459119042044,0
0.529931060682144,0.7355358173936694,0
0.4578022072669514,0.05696653818823971,0
0.7455059430174584,0.5485515674342256,0
0.5300628613240319,0.4938569497785993,1
0.7111579670828643,0.9674119247760288,0
0.4651983586436854,0.5550335042580541,0
0.3447638179770883,0.6842978743578886,0
0.2417157618362149,0.1330988749543256,0
0.8968602506730589,0.8315092433831189,0
0.4411952606277857,0.4871632788011576,0
0.1297958511864009,0.9507260668388648,0
0.512292463875947,0.8947716014202577,0
0.6858160977192569,0.26303462151049695,0
0.9300781153778283,0.635044548961543,0
0.2971279536728769,0.5282812359960782,0
0.40703847181046315,0.414232100647013,1
0.8142343255627444,0.010522276942470876,0
0.24094268696053656,0.7691809082390351,0
0.3377038919190868,0.1462629272417174,0
0.055199981777068974,0.5867452479594031,0
0.4593011152568155,0.9212645742196166,1
0.9449422409438758,0.6757169184462114,1
0.0421358817866907,0.2738237683452329,0
0.8812800293070845,0.581712058228177,0
0.004308899432600377,0.5520546970564921,0
0.5926017506191298,0.2691296336000184,0
0.4545090504350121,0.7757685202573756,1
0.6685572584649817,0.5593413938869239,1
0.8916485659271041,0.14147309778860195,0
0.8943455620179338,0.26211970857162503,0
0.7668911866622048,0.3130540926544282,0
0.2902865661436964,0.46438342875564076,1
0.40471581795661693,0.4950206721562628,0
0.09456090122710892,0.8699950559185999,0
0.2553737460696184,0.14839184346608192,0
0.2470312666218254,0.0841134979322059,1
0.21315096638309594,0.8397107398240649,1
0.8864256456123232,0.4670632930386337,0
0.24243863181852365,0.1328140072602959,0
0.07939808022151074,0.9942799444318444,0
0.7957942133386537,0.4391323942750375,0
0.2905995292018059,0.07814174890334791,0
0.5301295320380858,0.8571097446921521,0
0.5271034238635279,0.6188436550168497,0
0.15605862309657004,0.4395440430809411,1
0.28529039250564736,0.4180203115818324,0
0.3828132597964816,0.5941479330235223,0
0.38031554266964973,0.7673236728359638,0
0.18831159711375867,0.9245873583265702,0
0.9752282539153156,0.12965926644213888,0
0.5081413872797976,0.8580663060614823,0
0.1625650025142088,0.6805349535612742,0
0.34666770145236436,0.5189249326593125,0
0.474670850690209,0.015739706635010564,0
0.9178466822812815,0.8197732556736818,0
0.5720070735979731,0.11958534505080287,1
0.2951144665891101,0.7717082265104853,0
0.5895205995576097,0.7940415101835101,0
0.5899010345144953,0.24080660904401707,0
0.4207915149932341,0.7432547423993198,0
0.14374413653180151,0.416133920712607,0
0.65550293342809,0.5398424929234,0
0.6023556770888958,0.5234443349911454,1
0.4479121574046019,0.44805845884714,0
0.8766778058073935,0.74737438247962,0
0.851520731431539,0.17312262447755256,0
0.017369022530956735,0.42279506808554546,0
0.7374186744803609,0.48935532515901103,1
0.1917286831664502,0.7996431442731918,0
0.14908978567693254,0.20743280145110343,0
0.24619560251674621,0.609375835844145,0
0.7313706017693533,0.834253262392035,0
0.24488132577067467,0.29239201153108874,1
0.9842290880621358,0.5446065685993213,0
0.17998945037001413,0.28165052516617206,0
0.75004102313146,0.8979059716521505,0
0.9333803477963191,0.004091903832449839,1
0.060055803427023546,0.7006695346394717,1
0.7450740630348762,0.8895077154661795,0
0.06004697468508202,0.9858024894726807,0
0.7195658637741125,0.9272161134351335,0
0.5423298232042795,0.38595088774272623,0
0.8117976521422264,0.05120465907870231,1
0.1530548022234819,0.8471323290743883,0
0.4229349981188546,0.23996780757593572,0
0.03991260890295434,0.3220801724686492,0
0.3713704150200341,0.6863523100760344,0
0.12119173536585193,0.11455992084369193,0
0.860376087256934,0.0978037739594686,0
0.7718709751566423,0.24647370694598503,0
0.47947278127653226,0.02647609130599049,0
0.5747880144606865,0.718831519687476,0
0.5791479993231599,0.9404299457503388,0
0.17525858722314847,0.34930335593282713,0
0.8412684510710545,0.1767194310588467,1
0.4371431522819921,0.22866760582140322,0
0.6841778405421592,0.3817132631585003,0
0.8810682407265396,0.9522756667209171,0
0.3728714722107148,0.2936434974568115,0
0.08835219909927294,0.1969382804494214,0
0.9016359065294562,0.1336437897079854,0
0.9742696787177261,0.23805701094356957,1
0.8021671835834489,0.48029500032232686,1
0.41383222324334923,0.26888060821756643,1
0.36232895329435166,0.48824547700843934,0
0.8782564579751092,0.9334983223948987,0
0.9990761677954899,0.4029017383781447,0
0.530127068200005,0.2079181803725637,0
0.5035657033960753,0.7790706536241759,0
0.3813176435045681,0.42264241680276315,0
0.9054207596410482,0.11206567876194673,0
0.42810018216653156,0.9696882065997255,1
0.8837475948097925,0.31602351303977905,0
0.904197517907779,0.15923143326772926,0
0.20082102732187423,0.40350574470890066,0
0.2878732754101718,0.3195613821749863,0
0.8914560327784661,0.9575040053288705,0
0.22867543937458534,0.34460992424647163,0
0.4738941356261156,0.6128662789376481,0
0.052571163277616906,0.6103809154127681,0
0.7033284227555551,0.22791995940582443,0
0.06618827375286951,0.6879774649644222,0
0.1338088857651849,0.6163065374016834,0
0.5292777269948283,0.4879714425122479,0
0.283340445936221,0.7067336989580538,0
0.3178847857614605,0.335533952177942,1
0.45094539375289777,0.803494040621502,0
0.9846276200510204,0.545471067862646,0
0.6814402251126391,0.4105727812794423,0
0.2237222481194865,0.06931947072824374,0
0.9098280964422207,0.8952554602236746,0
0.14951748500554352,0.07809167364845793,1
0.16798119459244587,0.7447863354015073,0
0.7347655449363917,0.811832146506322,0
0.13022286706027797,0.0535245368743984,1
0.283252879253417,0.34338345125132896,0
0.3183240826932997,0.8984699528029879,0
0.6723976053642853,0.21648956532138752,0
0.8279037496762089,0.3933780684429111,1
0.0018589455835189561,0.44156086887751533,0
0.6099456241774206,0.6391670556935293,0
0.037663620928466646,0.8726006137688388,0
0.7132940006956809,0.29605539267974457,0
0.4434088546416025,0.9457491395593715,0
0.79793056993976,0.792914587915019,0
0.3615811185963055,0.7772652083789416,0
0.8607914502069164,0.047767658555814885,0
0.33124237341392115,0.6593053509935707,0
0.0758118896794685,0.8918454385627931,1
0.7170304816785915,0.717397193457703,0
0.7416880714931556,0.00431771574881501,0
0.5847728346768618,0.5492479732033086,1
0.11417528186088832,0.39572220338099906,0
0.07977615800825977,0.30697538462023755,0
0.8280949926435933,0.34166069433304536,1
0.9178969875585467,0.46175169964362406,0
0.313851416006651,0.05732610566277063,0
0.6581048273563365,0.8218313155060822,0
0.49710060033968395,0.4317194988870455,0
0.9642258312300176,0.9010332856672336,0
0.9066013106223523,0.6497029116571501,0
0.37570949797598574,0.20447649493934106,1
0.19296878735054102,0.27625247987732826,0
0.2272311872028172,0.7943274298149019,0
0.35625457253261605,0.5990050553817581,1
0.11039271264603412,0.40242661311554584,0
0.8775590013831477,0.05907901658961856,0
0.9667898179982645,0.009137133846376488,0
0.2369582753028,0.22812270048333771,1
0.5587429323933251,0.8227820230328492,0
0.6953993924075557,0.19931057323192458,0
0.9146247251778659,0.8922336389054075,1
0.43381141586002436,0.11472197201386014,0
0.9666678874072517,0.9981276094801815,1
0.7000167073953675,0.5845484523923912,0
0.3182004959921969,0.3436775447279138,0
0.891193552336384,0.31430774123862504,1
0.10512702269928964,0.3584562320291165,0
0.6317537425592386,0.00847639641949427,0
0.5884588223147924,0.5022492130049633,0
0.09310048014522532,0.7533983690421491,0
0.9360174504577051,0.7347606961455958,0
0.9228953353778326,0.8483640894592784,0
0.125535809156184,0.8026390034624125,0
0.4682063092989618,0.2554445902817164,0
0.9438793325521632,0.02702949867996629,0
0.8431338168906874,0.6753886485726731,0
0.10540297601670012,0.8934769461504785,0
0.5693836914333895,0.565758133073836,0
0.5315367198524519,0.3628837910614088,0
0.9757960424654007,0.38525612526462105,1
0.7534382623380874,0.484230890403611,0
0.4087248369693962,0.9914927160465068,1
0.2263023879084286,0.0846350633824754,0
0.9894468316552492,0.8051726659028386,0
0.9480771191378283,0.3608121692350694,1
0.13914979635251978,0.8671914871262254,0
0.26887004414523696,0.5220942230498825,0
0.4905830547454766,0.4658759940530589,0
0.9314446439223231,0.11323762292401873,0
0.6016559477695734,0.8003232901201011,1
0.48854393736586943,0.28293451038034456,0
0.016886896539433982,0.3601459228464664,0
0.3356469517287862,0.5168814696540484,0
0.07912797489154832,0.52188279189706,0
0.2839052045400756,0.5631885525329362,0
0.9488998660578177,0.5391382118776837,0
0.0929142297414085,0.5781696208940986,0
0.7411250438381008,0.3203569984447906,0
0.477027893559133,0.19180048413211404,1
0.487619968162776,0.398421828597749,0
0.18218878831997898,0.8665608481133448,0
0.9785572013455609,0.688558061808982,0
0.7145008113207796,0.527140660755143,0
0.9876370399649483,0.783009331552006,0
0.08443619664575253,0.5052725188737034,0
0.41149507060013946,0.5811847708388846,0
0.5801190334512029,0.10508454118580401,0
0.9148907533632875,0.26102614972879434,0
0.6711991154909606,0.32187080240517707,1
0.5797567335830495,0.005129472563584425,0
0.5540548352779779,0.5810366357320215,0
0.04822317440350865,0.9629676696840663,0
0.9547562088984956,0.15072034293661007,0
0.9715207022708129,0.29027069733642363,0
0.6688998083641003,0.13068193914438875,0
0.3784979970979855,0.678965942789912,0
0.2293170722537664,0.08424081990092402,1
0.30721620931421534,0.8229411771063132,0
0.8024404692930159,0.045290743084007934,0
0.20934679874043638,0.7697701551133448,0
0.8422008223302642,0.17968027717295543,0
0.48153664075067937,0.2626503123656474,0
0.02803153578245232,0.527014307671253,0
0.14500457001342937,0.5869305586736226,0
0.37242690328971206,0.7967404665343435,0
0.0019705173689613664,0.17993293855392578,0
0.34395274717676216,0.11592937454858476,1
0.3043135434839157,0.6653216792644531,1
0.7837556404705142,0.31801329754913765,0
0.554733319892969,0.05338442558839862,1
0.38933368852759753,0.8961176698136519,0
0.9490378827384451,0.3979406490944427,0
0.27433548748249836,0.6114323829191778,0
0.9084295132507172,0.13304591306924152,0
0.24193902990692584,0.05636400806316222,0
0.6162475942644885,0.7766610685748224,0
0.5087233360591384,0.8471925833200586,1
0.03392916007379532,0.7231321431578899,0
0.9897653605075033,0.17274589384941352,0
0.7627804603749236,0.1963670310303538,1
0.7132625073209455,0.6603116227354071,0
0.21900705369861373,0.8592117529879659,1
0.27559324315540534,0.9143920770837359,1
0.8455760504714805,0.42383628561713027,0
0.26463101212504214,0.7407425677948821,1
0.1864318768218869,0.3748985721335145,0
0.8344440224823972,0.3463119930582379,0
0.791715985764004,0.28704894109305057,0
0.9301998115142863,0.8699120130181309,1
0.42376800695094485,0.08647255273741972,0
0.9871281521524012,0.18106725423184333,0
0.37878588709653505,0.03176916474242297,0
0.012197217534297033,0.7611047997753194,0
0.9111656245575359,0.18122638555563186,0
0.5469214957283856,0.5854259224201922,0
0.40610564370555025,0.6257309128721126,0
0.7509163976342782,0.3020984382043074,0
0.13670997621089342,0.7089222500971848,0
0.35083732181435356,0.4283172978928764,1
0.8805009109852224,0.09464031188177247,0
0.15775856637554875,0.5236044885287834,0
0.526557907285042,0.48539197776714305,0
0.9061404828920128,0.6343236369843911,0
0.021814452653394656,0.11463059947154308,0
0.40179433320252933,0.6077923099925597,0
0.4806296495850463,0.845473361722334,0
0.12563559415454484,0.7391820724383195,0
0.7904267369706104,0.850502314644688,0
0.3371813408878218,0.051446291057209326,0
0.9868631783921927,0.13756571170109722,0
0.325411858788513,0.9378380118541532,0
0.8610799647161164,0.8201829584324795,1
0.6332014898388049,0.47478054543283565,0
0.8583236051717523,0.5004607521852567,1
0.14663032173203938,0.34787087333459377,0
0.4020541439372558,0.9362312046731531,0
0.7403145957376677,0.8743848159351846,0
0.8521241545347772,0.34388150377585636,1
0.6910455718816897,0.17098514845377444,1
0.19398529817664378,0.3395648145456732,0
0.8992268732695411,0.5171045730435051,0
0.807352615195142,0.7972773352411836,0
0.819653556038214,0.029259022784487665,1
0.23083464672868192,0.9384358257937341,0
0.2844565572526433,0.764722835950799,0
0.4864278449688536,0.38314969552177935,0
0.2754025805896356,0.7811641162637097,0
0.6510168896717251,0.8698896035233444,0
0.28939889032600585,0.719089425149412,0
0.5458042216631926,0.6722634194001873,0
0.1981373433537812,0.4570606262863248,0
0.32837802016735806,0.19370571155452754,0
0.9380969806499861,0.8177787253395449,0
0.4141429646855025,0.4840990068061475,1
0.3294972437779411,0.01552332595984407,0
0.5001662076873093,0.7703742790381907,0
0.9416699464381444,0.9431397598093628,1
0.8277302927940361,0.474948914726538,0
0.621822303187964,0.27561218570373036,0
0.2369734364639079,0.013703695722858344,0
0.19341285501012906,0.48140221071741374,1
0.07351255358606168,0.45719818457162353,0
0.09569489495213013,0.4061874768061725,1
0.5839827614372074,0.3529549526503867,0
0.2915842843733679,0.8051068476269265,0
0.28003006165254773,0.7738403558737467,1
0.3891113120961004,0.31316437359791405,1
0.3676780472304443,0.11259892882332934,1
0.8950934883127033,0.39943254106047377,0
0.04863621800583784,0.9028189496795875,0
0.027538859073002908,0.4101708134700297,0
0.8690424513615346,0.5370323097419458,0
0.7572696260240841,0.8786272115687236,0
0.9987723115491366,0.4922021751968916,1
0.2977944354712203,0.4665139567091866,0
0.059007903146778284,0.9561639962167595,1
0.025821125073352547,0.21581120156170785,1
0.3840946329337407,0.14178668540285355,0
0.4289166817708705,0.80370356684245,1
0.8682656115508114,0.10879828579354389,0
0.007446633559943572,0.27958663866213895,0
0.5983496761748436,0.5795686807816927,1
0.9495987558073982,0.9327455084726541,0
0.6368027708281567,0.47525866467157507,0
0.5531948539663735,0.31709571548475457,0
0.1706362104630671,0.7867461515055585,0
0.5428344129456152,0.06457495054593554,0
0.37519574597178884,0.10650574663020673,0
0.07468155409064503,0.529047570203869,0
0.7653724781414938,0.25369995482594654,0
0.5697002984435763,0.6619519915678932,0
0.8888179020337982,0.8483995860272974,0
0.19985782276300634,0.6879620355269482,0
0.18292769466142245,0.6818357599026302,0
0.48169789016898257,0.3509412579380585,0
0.9161398329565033,0.5092376489194369,0
0.13175352600946488,0.3943967551607105,0
0.45968111359200214,0.2016764183630625,0
0.09657669864363283,0.12396595401506671,0
0.7095012145411833,0.7298592163129878,0
0.5169364620314606,0.23436860111283586,0
0.5521039238673149,0.2990268733024968,0
0.35865127746703707,0.3681167016306921,0
0.6008677361256701,0.37153579219588106,0
0.2525681136904051,0.3026737454892896,0
0.6810923999251245,0.3949265038940454,1
0.9227279173152806,0.7278842813929451,0
0.6962736410807838,0.3136045697718558,0
0.8329838624934962,0.7287607025092774,0
0.34100049791473186,0.5478693375679113,0
0.807187655512075,0.39951242476344506,1
0.9889378527431252,0.7873813207965984,1
0.5287207861553959,0.07312623413022423,0
0.3487234515299371,0.06649074621457818,0
0.1215833078530516,0.5910949462570313,1
0.9322784776692475,0.14403407096341392,0
0.6838336344225098,0.06863817675870454,0
0.8594954854106431,0.06493995575020017,0
0.37490055690206125,0.75566386453763,0
0.7827958279671452,0.32171560929677945,0
0.2716981861320955,0.19814803110450074,0
0.020420452786941157,0.23024539559778323,0
0.11225327081095038,0.6901754192644536,0
0.34595207351526425,0.07298652142190798,0
0.5501450243451044,0.723223344048466,0
0.10326889059897959,0.9647768990341071,0
0.556472634642081,0.9718053535128752,1
0.3620825494877059,0.544166317247447,0
0.9194259606208162,0.8378659825732635,0
0.9642186227176515,0.576958286619326,0
0.4551253159808365,0.16293885163768473,1
0.6583491143668446,0.9294005462816392,0
0.8840987590601443,0.2490011003785514,0
0.6823800506166499,0.41925517719086214,1
0.6997352709016795,0.1457590737682941,0
0.8573686770761522,0.2929241066988453,0
0.9586147860909352,0.10116261453791442,0
0.10622519442651535,0.14693425185286502,0
0.15810369691682147,0.9851140924709798,0
0.6854590904124173,0.07897299015377113,1
0.5846116411761979,0.015221153971699986,1
0.14150204710045688,0.5164306487542476,0
0.19734602229950637,0.3209459208154748,0
0.4201025412151843,0.5623603940062577,1
0.08049820734037183,0.288730572713799,0
0.21606709959517756,0.0575503408145418,0
0.254170487004059,0.30446038430801625,0
0.22136033145799816,0.6992951893059974,0
0.9032342946273936,0.9773986680486139,0
0.019110545755175457,0.3079306483051736,0
0.1649633914200429,0.8473714993007612,0
0.44240471536974935,0.34885361443909324,0
0.5953840417776923,0.3441053847235177,0
0.27416843597774776,0.10301940942553589,0
0.874971572311079,0.3659250360629882,1
0.4050921993418076,0.21499336482796794,0
0.18327616217643228,0.31882032314352504,0
0.9631985039314185,0.3526986559622143,1
0.49618720028006613,0.9419126058642138,0
0.6872335744664212,0.8521525801454493,0
0.31415157622223144,0.4888032912712754,0
0.42097181194709987,0.026026975812885156,0
0.19786739756494043,0.5848840016970696,0
0.6085236376883216,0.2658440693590759,1
0.4586548932012713,0.5087331977424676,1
0.22922221325365366,0.4356581876294515,0
0.6636022065092289,0.7077956174544848,1
0.9379244560317775,0.1618768055882961,0
0.9574413728579411,0.47660207977657754,0
0.7484865956065035,0.2925361166729069,0
0.7793394133499945,0.7475139724503262,0
0.46322038348595407,0.5808033768062401,0
0.2693519909762796,0.2594126621474113,1
0.5631793451078714,0.7032340293148194,0
0.40482879647703274,0.9580699651863985,0
0.9473295308936794,0.9398828349818182,1
0.4080360602469383,0.1698572241872559,0
0.010141338978245762,0.21447535607270707,0
0.23564546828524957,0.44318437572161096,0
0.8632828261290233,0.05371498635474714,0
0.36479097643633596,0.5658827450640788,1
0.03860325642698492,0.6611766204428247,0
0.8215883804319395,0.544303787462795,0
0.007210830602929041,0.31500165446824124,1
0.7159831162629544,0.2555492342486847,0
0.4722339257401742,0.9200967752576151,0
0.9497699636071433,0.6061577789043029,0
0.11708991286793635,0.022273303485569107,0
0.6692720996997258,0.8632373856973146,0
0.7564653913039276,0.743799237092063,0
0.39673657200503276,0.023044057245357408,0
0.13719483646478725,0.5571834944143178,0
0.7403207187482677,0.2791345644922225,1
0.7216768712537379,0.9878627314476579,0
0.8422553384794649,0.6325308020584947,1
0.657675594840662,0.10587746576682189,1
0.5891717634238639,0.30536686259677237,0
0.07618314290049277,0.4011601035910446,1
0.7751573738005518,0.8858036568459304,1
0.004224839982028272,0.23316467635890803,0
0.35312985374154104,0.13308390360193922,0
0.7860230814055833,0.4842562817227525,0
0.05578882663217566,0.6439243681785705,1
0.9297706469650496,0.012975317018422361,0
0.8723109826436181,0.5080294879422194,0
0.004013034732343046,0.10343782354972786,0
0.0023355582386495044,0.3944540565153579,0
0.618572184885542,0.4631562036021907,1
0.7188331524180864,0.8130245620482214,0
0.12802202047945888,0.5237644295226218,1
0.5410000650004141,0.5023061209670083,0
0.6568687250110752,0.4032814646062579,0
0.6569854990230491,0.9243423739094355,1
0.18217846022797057,0.7211037171075227,0
0.8781472362433683,0.5575945989387063,0
0.6957083303311481,0.04398716934788305,0
0.5349889071717968,0.4294871855539857,0
0.6813023129832501,0.7920145163693995,0
0.429910120925876,0.939789612687831,0
0.9653866102835076,0.5799998865026417,0
0.9732839098406689,0.9771696808156153,0
0.4938198125741665,0.20962877097124322,0
0.7116115391682434,0.6725120109206226,0
0.26363455261666136,0.2532602432741752,0
0.36957494955911685,0.618029666102807,0
0.06776750010043797,0.3833554793510182,0
0.14760157753817282,0.7477541979963888,0
0.3313360063375551,0.1982666954079274,0
0.19693626546332965,0.15469846193381254,0
0.5927602401803588,0.34645670747286617,0
0.861296704971697,0.5111536249760801,0
0.7927843472383571,0.6606837174344511,1
0.6443645476125799,0.27340790866536957,0
0.26070805252543494,0.1873013226608382,0
0.9849851246234026,0.85016761727142,0
0.12528921034801177,0.4483254912875696,0
0.8643597169020086,0.9559182652137574,0
0.1768459917971409,0.9876166932503464,1
0.4872760511319605,0.6081947924809098,0
0.8006987739419364,0.8823444357404854,0
0.9182329660646091,0.45167968587620155,0
0.4137701571505775,0.8587873954673402,0
0.5440254307156686,0.4294790446080897,0
0.6433880491132946,0.6072183928757403,0
0.6739619002298411,0.9783499228534305,0
0.03237628113989155,0.29949252489641487,0
0.029252577812143077,0.28767318071940073,0
0.9335439785818442,0.48594760833800177,0
0.38050027988780033,0.34620522145406596,0
0.4213717699079734,0.2699097237067133,1
0.2550703008163334,0.21505584802684252,0
0.2385834789360849,0.4021291042117141,0
0.996850649414026,0.8539067058967186,0
0.710261874367419,0.7768893100921663,0
0.17344329587425822,0.6023369933253631,1
0.4472175284020824,0.5537073269292363,0
0.8108361101363076,0.845936589900784,1
0.6009029271454556,0.23027523514784276,0
0.47950738871955556,0.6232103156746002,0
0.08786893073391744,0.029776553214730828,1
0.953632344728694,0.809137570389494,0
0.1590533480108347,0.6163941443801793,0
0.45010549546407685,0.8641402673248627,0
0.24772094483519747,0.8468031389268752,0
0.9152620149874965,0.3121664963999168,0
0.6437170621811868,0.5555789960178176,0
0.2357080190615647,0.5832124181346732,0
0.6685961420354748,0.7969421303499888,0
0.25160402876893884,0.7962264287464724,0
0.4101462288522012,0.033345154874182104,0
0.39837361482463707,0.24701484648476868,0
0.14064434124721747,0.6394762067474146,0
0.9277865509553596,0.8803414628033578,1
0.7438660762060116,0.9578429227924502,0
0.148571555575419,0.5097200513109921,0
0.8922809729495668,0.7050652894927253,1
0.9208474781297659,0.4851627933826663,1
0.43787219951571255,0.9454558997180642,0
0.944841104978884,0.48893988142417877,0
0.9599269166817714,0.6431037632791288,0
0.14627824024022562,0.6292738177766681,0
0.053241782939001725,0.8039617501861781,0
0.47458197805961555,0.8945970904901746,0
0.7691346175466074,0.33861816733118155,0
0.5766436404153001,0.6953586351537794,0
0.7961838615096299,0.9043412032552414,0
0.24955297064248005,0.5173140040226843,0
0.552815818659978,0.5330594934868774,0
0.28634963498879695,0.2325933413526754,1
0.8679688064764279,0.9834370915054148,0
0.7241227697816615,0.9020676606921245,0
0.14275467694444555,0.7189412227244736,1
0.15651857862713048,0.9591342690525096,0
0.5587568618293951,0.46228863305410295,0
0.1967629562476093,0.9095016403831421,0
0.7692968843930021,0.29556960534537013,1
0.296108524261787,0.18266096638944074,0
0.4670286901247993,0.28292866803333183,0
0.11905139652084429,0.23381182080484297,1
0.6922411268248913,0.27207939151028304,0
0.0720408740830002,0.5211114387842328,0
0.6956643149181727,0.10846868341632754,1
0.4889866962949553,0.9116814023717513,1
0.6904899387122041,0.004849966610965928,1
0.7158536496315184,0.4360400769367817,0
0.6282541115594348,0.3136774684743786,0
0.160858591513379,0.4322025304009788,0
0.5320407610181737,0.9263516209751974,0
0.9775171700899011,0.6152064327762122,0
0.719152153538836,0.5544856709204201,0
0.06437845427658784,0.957914777615861,0
0.7917806791727623,0.5229453603699139,0
0.18028941623410366,0.905306320140776,0
0.798406023174743,0.5717185865941655,0
0.8914391680867643,0.014915457135611598,0
0.23142176606708365,0.47990754829426885,0
0.3521008200529907,0.5539762560977859,0
0.7676234338214689,0.9702469165859523,0
0.25712993353402913,0.915735892556457,0
0.185907826088066,0.19950377640791783,1
0.5909838310644931,0.71185901384459,1
0.749196703051193,0.9860003685576526,0
0.5886599166569486,0.6263950223024166,0
0.9654681733241625,0.29054784417453916,0
0.6779597592916009,0.6205002921741936,0
0.8928539460297006,0.3160170461773827,0
0.043315588671227756,0.8222831391814306,0
0.9771383031591125,0.07430703806904071,0
0.8652623799518547,0.716518479161818,0
0.678859184035208,0.02342575687204196,1
0.6105167536156096,0.822881451234579,1
0.3611676509355105,0.9388437866976803,1
0.2134241135305377,0.10364992143355889,0
0.5847860974581072,0.1625904023600494,0
0.34559657124251686,0.29484009908366293,0
0.6371668151853969,0.904029152136628,0
0.25484939713465504,0.5957828132715537,0
0.055252801211279734,0.28409511232508167,0
0.3722483360469927,0.31361118839588975,0
0.09244535279726684,0.8455536409780958,0
0.3350232216029708,0.38207425938723005,0
0.14776400255271172,0.2734451601352139,1
0.7842896650320783,0.21037161205268906,0
0.24138650687188845,0.645489490349936,0
0.8108750029055899,0.8018981245422376,0
0.38248858275124953,0.2256398449880811,0
0.41701918037139074,0.9639460542547629,0
0.03277923882734002,0.8532550198013469,0
0.423581449738753,0.018454673037711644,0
0.018535259102490986,0.6774233939621105,1
0.11871342214396452,0.21663689080093218,1
0.7375158138045822,0.33556822073343073,0
0.7633480109309984,0.2645516559186374,0
0.04670314984328816,0.7905731501573955,0
0.40618851397650546,0.8972030783971691,0
0.49431388203034576,0.006399509997869424,0
0.4653408138810692,0.4143105854785817,0
0.6235243375546499,0.6165715803338794,0
0.01370525893784258,0.20375381699181583,0
0.5531783486164,0.8039140189758568,0
0.5235179591321423,0.47626969773061634,0
0.9532539737524967,0.757061452861447,0
0.7215612908289433,0.3478014465834226,0
0.03239609497984142,0.39829237463686307,1
0.19849592228876423,0.05473643419873786,0
0.9559832040196414,0.7527807732754254,0
0.17981778329202935,0.3375097826103306,0
0.7937002504044556,0.6152811784644625,0
0.5224391760139017,0.474485177632615,0
0.1884445998738864,0.05547936903004558,0
0.05804152720748579,0.14488495091739784,0
0.7485713190551284,0.9032977043775268,0
0.1718942685563537,0.09883422052637125,0
0.9034216695078979,0.29791222383398763,0
0.21928799145563782,0.32070282084119894,0
0.8191095419090099,0.7475212221148804,0
0.7811850377500841,0.6413197989151177,0
0.6706513276033869,0.811382618487612,0
0.24837298323124157,0.9627228361385952,0
0.5317775140222596,0.8914705525245462,1
0.06174670549337291,0.005451014469769588,1
0.2256838166489169,0.2713358329631672,0
0.8498631348581746,0.08799945521292918,0
0.07775275826826644,0.46969993540834887,0
0.460783203874372,0.7329996133097507,0
0.6232449108208337,0.30573279056865255,0
0.5585139908824852,0.7500979810744995,0
0.03826546494847216,0.08466308469661743,1
0.09403848506258039,0.10529306069694944,0
0.6762441899925621,0.29132309942626644,1
0.35080259052013707,0.426143010777261,0
0.3986286621631403,0.6486967291015864,1
0.1751251089935566,0.41596249613508873,0
0.5176636923854602,0.8925526329918935,0
0.35128810681834755,0.2908184165203552,0
0.5213727433212926,0.032755142386533764,0
0.04308025796220427,0.6418317671242217,0
0.9265246364287368,0.2296851814250821,0
0.8662399424596336,0.522509924653974,0
0.19721523875097757,0.3374341473605613,1
0.3331257611392059,0.1858794475186022,0
0.5872381962271949,0.3906782552948008,0
0.542577489775085,0.5035857340278286,0
0.3674537726014001,0.7170533354122398,0
0.9595712648650552,0.8956550186542708,0
0.5660828466147062,0.8642226651237057,0
0.32847166825690377,0.7205692424703072,1
0.3064423908774411,0.10309818403862203,0
0.7735651810951999,0.6086763186731587,0
0.11970266495995463,0.050210749796547605,0
0.9510207617155738,0.10707473054727712,0
0.530291463193134,0.44499513179067895,1
0.6917337569364442,0.5825092310690442,1
0.43808001577211586,0.16994824229267025,0
0.49761932910305995,0.55817849002515,1
0.426301165280053,0.16417209070765482,0
0.15105564617465417,0.7841874906953056,0
0.31416778128581735,0.03973510685101933,0
0.7233089661187061,0.0406930454752259,1
0.013210146848429583,0.48078036789726053,0
0.4973525232240332,0.6169883616422984,0
0.15998205620729022,0.14208505052846598,0
0.23330598816810744,0.6704768043291268,0
0.4077516404115965,0.35587918220191594,0
0.9153890463850256,0.8476396803476557,0
0.6498198319311771,0.27294683738859626,1
0.7826945586920238,0.4936141020735987,1
0.43354778158187224,0.33773738554813226,0
0.406994129679929,0.5971009409351787,0
0.9123659525637277,0.24648425738020063,0
0.36925232480186077,0.24600274947486722,0
0.4690362550169441,0.7001541135601027,0
0.09615448260058868,0.5680745553930625,0
0.36775198839957246,0.77664100119632,0
0.11057751266567173,0.06003451168525964,0
0.8114699758372461,0.18118391328208483,1
0.22448385081281796,0.7467864861687106,1
0.6900065299217725,0.2994080651544473,0
0.30189513257808087,0.0006857325804965342,0
0.5788403253979932,0.7314691825340313,0
0.4245439035031048,0.15908526238922227,0
0.31893375830447035,0.7000774686643212,0
0.39848159724056764,0.32312248417051437,1
0.3389925500914177,0.08575272126779898,1
0.8216688550571942,0.9315745601497923,0
0.33835953177965017,0.5286593424810471,0
0.36674557543273545,0.038845307335141244,1
0.5743295790909673,0.8765526388597443,1
0.25408048905524205,0.4246055781379936,0
0.9603633155766349,0.35769098291226675,0
0.6687069373955518,0.3717792095079542,1
0.8326029801032104,0.6350366073510567,0
0.8949359080993382,0.8026334602763228,0
0.6204816765859136,0.041637667388085386,1
0.7034064511775145,0.09291644413162525,0
0.7539169330340844,0.4418043818139904,0
0.6858017429234362,0.7203960010297024,0
0.9356387070573807,0.8750693049435766,0
0.3216710142674378,0.5219356203732205,0
0.3566850104827549,0.04116978608602162,0
0.1745044189162468,0.6720170814141468,1
0.23643229136774213,0.5867615831067623,0
0.7445182900366254,0.3032541493549292,0
0.7058054571864008,0.6628034216640035,0
0.7096983863932915,0.11901163891332933,0
0.7649351246250301,0.2816399616715498,0
0.8257239015096306,0.8081101253821334,0
0.8057773004151983,0.7084450693940116,0
0.7982984918703496,0.7197019395165851,1
0.8427168028236811,0.8237718044458406,1
0.7173034042751012,0.24036610310538686,0
0.4648086321195032,0.40478263627647015,1
0.02303303731623252,0.9211156907968272,0
0.18425676091024334,0.24745046802819526,1
0.5414686803464461,0.6092188343840296,0
0.8330860147262684,0.291411780027907,0
0.2589341270962766,0.11949454036674245,0
0.6476903782379696,0.6153854300953779,1
0.6085033707272275,0.19028320582353497,0
0.8321862476821664,0.9666305102665413,0
0.7542184179163408,0.04484266104863521,0
0.21026778780587452,0.46204972096833374,0
0.8141173355252965,0.7463169744438601,0
0.7458550652552198,0.573351544996542,0
